{"class_prior_probabilities": {"Yes": 0.6428571428571429, "No": 0.35714285714285715}, "conditional_probabilities": {"Yes": {"Outlook:Sunny": 0.25, "Outlook:Overcast": 0.4166666666666667, "Outlook:Rain": 0.3333333333333333, "Temperature:Hot": 0.25, "Temperature:Mild": 0.4166666666666667, "Temperature:Cool": 0.3333333333333333, "Humidity:High": 0.36363636363636365, "Humidity:Normal": 0.6363636363636364, "Wind:Weak": 0.6363636363636364, "Wind:Strong": 0.36363636363636365}, "No": {"Outlook:Sunny": 0.5, "Outlook:Overcast": 0.125, "Outlook:Rain": 0.375, "Temperature:Hot": 0.375, "Temperature:Mild": 0.375, "Temperature:Cool": 0.25, "Humidity:High": 0.7142857142857143, "Humidity:Normal": 0.2857142857142857, "Wind:Weak": 0.42857142857142855, "Wind:Strong": 0.5714285714285714}}}